{
    "loss": 12.823729515075684,
    "accuracy": 0.5035971403121948
}